[
  {"pk": 1, "model": "lib_app.language", "fields": {"name": "Englisch"}},
  {"pk": 2, "model": "lib_app.language", "fields": {"name": "Spanisch"}},
  {"pk": 3, "model": "lib_app.language", "fields": {"name": "Französisch"}},
  {"pk": 4, "model": "lib_app.language", "fields": {"name": "Deutsch"}},
  {"pk": 5, "model": "lib_app.language", "fields": {"name": "Italienisch"}},
  {"pk": 6, "model": "lib_app.language", "fields": {"name": "Chinesisch"}},
  {"pk": 7, "model": "lib_app.language", "fields": {"name": "Japanisch"}},

  {"pk": 1, "model": "lib_app.genre", "fields": {"name": "Fiktion"}},
  {"pk": 2, "model": "lib_app.genre", "fields": {"name": "Thriller"}},
  {"pk": 3, "model": "lib_app.genre", "fields": {"name": "Romantik"}},
  {"pk": 4, "model": "lib_app.genre", "fields": {"name": "Science-Fiction"}},
  {"pk": 5, "model": "lib_app.genre", "fields": {"name": "Fantasy"}},
  {"pk": 6, "model": "lib_app.genre", "fields": {"name": "Biografie"}},
  {"pk": 7, "model": "lib_app.genre", "fields": {"name": "Komödie"}},

  {"pk": 1, "model": "lib_app.user", "fields": {"username": "user1", "password": "password1"}},
  {"pk": 2, "model": "lib_app.user", "fields": {"username": "user2", "password": "password2"}},

  {"pk": 1, "model": "lib_app.author", "fields": {"name": "Andy Weir"}},
  {"pk": 2, "model": "lib_app.author", "fields": {"name": "J.K. Rowling"}},
  {"pk": 3, "model": "lib_app.author", "fields": {"name": "Haruki Murakami"}},
  {"pk": 4, "model": "lib_app.author", "fields": {"name": "Agatha Christie"}},
  {"pk": 5, "model": "lib_app.author", "fields": {"name": "George Orwell"}},
  {"pk": 6, "model": "lib_app.author", "fields": {"name": "Dan Brown"}},

  {"pk": 1, "model": "lib_app.director", "fields": {"name": "Christopher Nolan"}},
  {"pk": 2, "model": "lib_app.director", "fields": {"name": "Quentin Tarantino"}},
  {"pk": 3, "model": "lib_app.director", "fields": {"name": "Steven Spielberg"}},
  {"pk": 4, "model": "lib_app.director", "fields": {"name": "Hayao Miyazaki"}},
  {"pk": 5, "model": "lib_app.director", "fields": {"name": "Martin Scorsese"}},
  
  {"pk": 1, "model": "lib_app.media", "fields": {
    "title": "Der Marsianer",
    "media_type": "book",
    "genre": 4,
    "language": 1,
    "description": "Eine Überlebensgeschichte für das 21. Jahrhundert und der internationale Bestseller.",
    "cover_image": "der_marsianer.jpg",
    "release_year": 2011,
    "borrowed": false,
    "reserved": false
    }
  },
  {"pk": 1, "model": "lib_app.book", "fields": {"media_ptr": 1, "author": 1, "ISBN": "978-0-8041-3902-1"}},
  
  {"pk": 2, "model": "lib_app.media", "fields": {
      "title": "Harry Potter and the Philosopher's Stone",
      "media_type": "book",
      "genre": 5,
      "language": 2,
      "description": "The story of a young boy, Harry Potter, who discovers that he is a wizard and is invited to attend Hogwarts School of Witchcraft and Wizardry.",
      "cover_image": "harry_potter_and_the_philosophers_stone.jpg",
      "release_year": 1997,
      "borrowed": true,
      "reserved": false
    }
  },
  {"pk": 2, "model": "lib_app.book", "fields": {"media_ptr": 2, "author": 2, "ISBN": "978-0-7475-3269-6"}},

  {"pk": 3, "model": "lib_app.media", "fields": {
      "title": "1984",
      "description": "A dystopian novel by George Orwell.",
      "cover_image": "1984.jpg",
      "genre": 4,
      "language": 1,
      "release_year": 1949,
      "borrowed": false,
      "reserved": false
    }
  },
  {"pk": 3, "model": "lib_app.book", "fields": {"media_ptr": 3, "author": 5, "ISBN": "978-0-452-28423-4"}},

  {"pk": 4, "model": "lib_app.media", "fields": {
      "title": "The Da Vinci Code",
      "media_type": "book",
      "description": "A mystery thriller novel by Dan Brown.",
      "cover_image": "da_vinci_code.jpg",
      "genre": 2,
      "language": 2,
      "release_year": 2003,
      "borrowed": false,
      "reserved": false
    }
  },
  {"pk": 4, "model": "lib_app.book", "fields": {"media_ptr": 4, "author": 6, "ISBN": "978-0-385-50420-5"}},

  {"pk": 5, "model": "lib_app.media", "fields": {
      "title": "May December",
      "media_type": "movie",
      "description": "Middle aged Gracie lives a happy, well settled life with her husband.",
      "cover_image": "may_december.jpg",
      "genre": 7,
      "language": 1,
      "release_year": 2023,
      "borrowed": false,
      "reserved": false
    }
  },
  {"pk": 5, "model": "lib_app.movie", "fields": {"media_ptr": 5, "director": 4, "FSK": 16, "IMDb": 7.1}},

  {"pk": 6, "model": "lib_app.media", "fields": {
      "title": "Inception",
      "description": "A thief who enters the dreams of others to steal their secrets from their subconscious.",
      "cover_image": "inception.jpg",
      "genre": 2,
      "language": 1,
      "release_year": 2010,
      "borrowed": false,
      "reserved": true,
      "media_type": "movie"
    }
  },
  {"pk": 6, "model": "lib_app.movie", "fields": {"media_ptr": 6, "director": 1, "FSK": 12, "IMDb": 8.8}},

  {"pk": 7, "model": "lib_app.media", "fields": {
      "title": "Pulp Fiction",
      "description": "Various interrelated stories of criminals in Los Angeles.",
      "cover_image": "pulp_fiction.jpg",
      "genre": 5,
      "language": 1,
      "release_year": 1994,
      "borrowed": true,
      "reserved": false,
      "media_type": "movie"
    }
  },
  {"pk": 7, "model": "lib_app.movie", "fields": {"media_ptr": 7, "director": 2, "FSK": 16, "IMDb": 8.9}},

  {"pk": 8, "model": "lib_app.media", "fields": {
      "title": "The Shawshank Redemption",
      "description": "Two imprisoned men bond over a number of years, finding solace and eventual redemption through acts of common decency.",
      "cover_image": "shawshank_redemption.jpg",
      "genre": 4,
      "language": 1,
      "release_year": 1994,
      "borrowed": false,
      "reserved": false,
      "media_type": "movie"
    }
  },
  {"pk": 8, "model": "lib_app.movie", "fields": {"media_ptr": 8, "director": 5, "FSK": 12, "IMDb": 9.3}},

  {"pk": 1, "model": "lib_app.userborrowed", "fields": {
      "user": 1,
      "media": 2,
      "return_date": "2024-03-01"
    }
  },
  {"pk": 1, "model": "lib_app.userreserved", "fields": {
      "user": 1,
      "media": 6,
      "reserved_till": "2024-03-01"
    }
  },
  {"pk": 1, "model": "lib_app.userreview", "fields": {
      "user": 2,
      "media": 1,
      "rating": 5,
      "review_text": "Absolutely great"
    }
  }
]
